k-name,k-quote,e-name,e-quote
엘라 휠러 윌콕스, 우정이 바탕이 되지 않는 모든 사랑은 모래 위에 지은 집과 같다. ,Ella Wheeler Wilcox,"All love that has not friendship for its base, is like a mansion built upon sand."
아이스 티, 열정은 세상을 돌게 한다. 사랑은 세상을 좀 더 안전한 곳으로 만들 뿐이다. ,Ice T,Passion makes the world go round. Love just makes it a safer place.
가브리엘(코코)샤넬, 세기의 사랑일지라도 참고 견뎌내야 한다. ,Gabriel Coco Chanel,Great loves too must be endured.
오드리 햅번, 나는 애정을 받을 엄청난 욕구와 그것을 베풀 엄청난 욕구를 타고났다. ,Audrey Hepburn,"I was born with an enormous need for affection, and a terrible need to give it."
윌리엄 셰익스피어," 모두를 사랑하되, 몇 사람만 믿으라. 누구에게도 잘못을 저지르지 말라. ",William Shakespeare,"Love all, trust a few. Do wrong to none."
프레드리히 니체, 남들이 우리와 다르게 살아가고 행동하며 경험한다는 사실을 알고 이에 기뻐하는 것이 사랑 아니고 무엇이겠는가? ,Friedrich Nietzsche,"What else is love but understanding and rejoicing in the fact that another person lives, acts, and experiences otherwise than we do?"
마더 테레사, 멀리 있는 사람을 사랑하기는 쉽다. 가까이 있는 사람을 사랑하기란 항상 쉬운 것만은 아니다. 기아로부터 사람들을 구제하기 위해서 한 움큼의 쌀을 주는 것이 자신의 집에 있는 이의 외로움과 고통을 덜어주는 것보다 더 쉽다. 당신의 집에 사랑을 가져다 주어라. 가정이야말로 우리의 사랑이 시작되는 곳이어야 하기 때문이다. ,Mother Teresa,It is easy to love the people far away. It is not always easy to love those close to us. It is easier to give a cup of rice to relieve hunger than to relieve the loneliness and pain of someone unloved in our home. Bring love into your home for this is where our love for each other must start.
윌리엄 서머셋 모옴, 중요한 것은 사랑을 받는 것이 아니라 사랑을 하는 것이었다. ,William Somerset Maugham,The important thing was to love rather than to be loved.
프레드리히 니체, 사랑으로 행해진 일은 언제나 선악을 초월한다. ,Friedrich Nietzsche,That which is done out of love always takes place beyond good and evil.
존 셰필드, 서로를 용서하는 것이야 말로 가장 아름다운 사랑의 모습이다. ,John Sheffield,"Tis the most tender part of love, each other to forgive."
윌리엄 서머셋 모옴, 사랑을 하는 사람과 사랑을 받는 사람은 항상 따로 있어. ,William Somerset Maugham,There's always one who loves and one who lets himself be loved.
조쉬 브랜드, 중력. 중력 때문에 땅에 설 수 있지. 우주에는 중력이 전혀 없어. 발이 땅에 붙어있지 못하고 둥둥 떠다녀야 해. 사랑에 빠진다는 게 바로 그런 느낌일까? ,Josh Brand,"Gravity. It keeps you rooted to the ground. In space, there's not any gravity. You just kind of leave your feet and go floating around. Is that what being in love is like?"
마더 테레사, 나는 내가 아픔을 느낄만큼 사랑하면 아픔은 사라지고 더 큰 사랑만이 생겨난다는 역설을 발견했다. ,Mother Teresa,"I have found the paradox that if I love until it hurts, then there is no hurt, but only more love."
로이스 맥마스터 부욜, 정직은 서로의 피부 속까지 들어가서 살만큼 가까워질 수 있는 유일한 방법이다. ,Lois McMaster Bujold,"Honesty is the only way with anyone, when you'll be so close as to be living inside each other's skins."
앨런 왓츠, 실제로 느끼지 못하는 사랑을 느끼는 척 하지 말라. 사랑은 우리가 좌지우지 할 수 없으므로 ,Alan Watts,"Never pretend to a love which you do not actually feel, for love is not ours to command."
블레이즈 파스칼, 정신이 명료함은 열정도 명료함을 뜻한다. 때문에 위대하고 명료한 정신을 지닌 자는 열정적으로 사랑하고 자신이 사랑하는 대상을 분명히 안다. ,Blaise Pascal,"Clarity of mind means clarity of passion, too; this is why a great and clear mind loves ardently and sees distinctly what it loves."
프레드리히 니체, 사랑에 의해 행해지는 것은 언제나 선악을 초월한다. ,Friedrich Nietzsche,What is done out of love always takes place beyond good and evil.
로버트 프로스트, 사랑은 거부할 수 없이 열망하게 되는 거부할 수 없는 열망이다. ,Robert Frost,Love is an irresistible desire to be irresistibly desired.
아이리스 머독, 사랑은 자신 이외에 다른 것도 존재한다는 사실을 어렵사리 깨닫는 것이다. ,Iris Murdoch,Love is the difficult realization that something other than oneself is real.
칼 융, 두 사람이 만나는 것은 두 가지 화학 물질이 접촉하는 것과 같다. 어떤 반응이 일어나면 둘다 완전히 바뀌게 된다. ,Carl Jung,"The meeting of two personalities is like the contact of two chemical substances: if there is any reaction, both are transformed."
매들린 랭글, 어린 시절 우리는 어른이 되면 더 이상 나약하지 않을 거라 생각했다. 하지만 어른이 된다는 것은 나약함을 받아들이는 것이다. 살아있다는 것은 나약하다는 것이다. ,Madeleine L'Engle,"When we were children, we used to think that when we were grown-up we would no longer be vulnerable. But to grow up is to accept vulnerability... To be alive is to be vulnerable."
공자," 허물이 있다면, 버리기를 두려워말라. ",Confucius,"When you have faults, do not fear to abandon them."
생텍쥐페리, 아침에 몸단장을 하고 나면 정성들여 별의 몸단장을 해주어야 해. ,Antoine de Saint-Exupery,"When you've finished getting yourself ready in the morning, you must go get the planet ready."
벤자민 프랭클린, 인내할 수 있는 사람은 그가 바라는 것은 무엇이든지 손에 넣을 수 있다. ,Benjamin Franklin,He that can have patience can have what he will.
W. H. 톰슨," 우리 중 아무도, 심지어 우리 중 가장 어린 사람도 잘못이 없지 않다. ",W. H. Thompson,We are none of us infallible--not even the youngest of us.
벤자민 프랭클린," 그대는 인생을 사랑하는가? 그렇다면 시간을 낭비하지 말라, 시간이야말로 인생을 형성하는 재료이기 때문이다. ",Benjamin Franklin,"Dost thou love life? Then do not squander time, for that is the stuff life is made of."
소크라테스, 인간사에는 안정된 것이 하나도 없음을 기억하라. 그러므로 성공에 들뜨거나 역경에 지나치게 의기소침하지 마라. ,Socrates,"Remember that there is nothing stable in human affairs; therefore avoid undue elation in prosperity, or undue depression in adversity."
윌리엄 셰익스피어, 우리 안에는 활기와 강력한 욕정이 자리잡고 있다. ,William Shakespeare,We have some salt of our youth in us.
커트 코베인, 젊은 날의 의무는 부패에 맞서는 것이다. ,Kurt Cobain,The duty of youth is to challenge corruption.
크리스토퍼 몰리, 인생은 외국어이다. 모든 사람이 그것을 잘못 발음한다. ,Christopher Morley,Life is a foreign language; all men mispronounce it.
벤자민 프랭클린, 오래 살기를 원하면 잘 살아라. 어리석음과 사악함이 수명을 줄인다. ,Benjamin Franklin,"If you wouldst live long, live well, for folly and wickedness shorten life."
피터 드 브리스, 인생은 밀림 속의 동물원이다. ,Peter De Vries,Life is a zoo in a jungle.
윌리엄 셰익스피어, 인생은 백치가 지껄이는 이야기와 같다. 시끄럽고 정신없으나 아무 뜻도 없다. ,William Shakespeare,"Life is a tale told by an idiot -- full of sound and fury, signifying nothing."
레프 톨스토이, 작은 변화가 일어날 때 진정한 삶을 살게 된다. ,Leo Tolstoy,True life is lived when tiny changes occur.
오드리 햅번," 나는 매우 일찍 인생을 무조건 받아들이기로 결정했다. 나는 인생이 나를 위해 특별한 것을 해주기를 결코 기대하지 않았으나, 나는 내가 희망했던 것보다 훨씬 더 많은 것을 성취한 것 같았다. 대부분의 경우 그런 일은 내가 찾지 않아도 저절로 일어났다. ",Audrey Hepburn,"I decided, very early on, just to accept life unconditionally; I never expected it to do anything special for me, yet I seemed to accomplish far more than I had ever hoped. Most of the time it just happened to me without my ever seeking it."
샘 레븐슨, 지구 어딘가에서 10초마다 여성이 아기를 낳는다. 이 여성을 찾아 당장 중단시켜야 한다. ,Sam Levenson,"Somewhere on this globe, every ten seconds, there is a woman giving birth to a child. She must be found and stopped."
앤디 워홀," 총격을 당하기 전까지는, 나는 항상 내가 어느 곳에 온전히 존재한다기보다 반쯤만 존재한다고 생각했다. 내가 현실에서 사는 게 아니라, 텔레비전을 보고 있는 게 아닌가 항상 의심쩍었다. 총에 맞은 직후 그리고 그 후로 계속, 나는 내가 텔레비전을 보고 있었다는 사실을 알았다. ",Andy Warhol,"Before I was shot, I always thought that I was more half-there than all-there - I always suspected that I was watching TV instead of living life. Right when I was being shot and ever since, I knew that I was watching television."
바뤼흐 스피노자," 명성에는 이런 큰 단점도 있는 바, 바로 우리가 그것을 좇을 수록 다른 이들의 비위를 맞추는데 우리 인생을 경주해야한다는 것이다. ",Baruch Spinoza,"Fame has also this great drawback, that if we pursue it, we must direct our lives so as to please the fancy of men."
조지 버나드 쇼, 젊음은 경이롭다. 아이들에게 젊음을 낭비하다니 죄악이 아닐 수 없다. ,George Bernard Shaw,Youth is a wonderful thing. What a crime to waste it on children.
라와나 블랙웰, 나이가 성숙을 보장하지는 않는다. ,Lawana Blackwell,Age is no guarantee of maturity.
시어도어 루스벨트, 당신이 어떤 일을 해낼 수 있는지 누군가가 물어보면 대답해라. '물론이죠!' 그 다음 어떻게 그 일을 해낼 수 있을지 부지런히 고민하라. ,Theodore Roosevelt,"Whenever you are asked if you can do a job, tell 'em, 'Certainly I can!' Then get busy and find out how to do it."
공자, 배우고 때로 익히면 또한 기쁘지 아니한가 (學而時習之 不亦說乎 / 학이시습지 불역열호) ,Confucius,"Isn't it a pleasure to study, and to practice what you have learned?"
에우리피데스, 젊었을 때 배움을 게을리 한 사람은 과거를 상실하며 미래도 없다. ,Euripides,"Whoso neglects learning in his youth, Loses the past and is dead for the future."
공자," 배우기만 하고 생각하지 않으면 얻는 것이 없고, 생각만 하고 배우지 않으면 위태롭다. ",Confucius,"He who learns but does not think, is lost! He who thinks but does not learn is in great danger."
제임스 딘, 하지만 만약 아이들이 와서 영화를 보기를 바란다면 어떤 현실과 동떨어진 이상적인 행동 개념을 보여줄 수는 없다. 실제와 비슷한 것을 보여주고 그것을 근거로 아이들에게 다가가야 한다. ,James Dean,"But you can't show some far off idyllic conception of behavior if you want the kids to come and see the picture. You've got to show what it's really like, and try to reach them on their own grounds."
미셸 드 몽테뉴, 내가 농부들과 함께 있는 것을 더 좋아하는 이유는 농부들은 잘못 사고하도록 충분한 교육을 받지 않았기 때문이다. ,Michel de Montaigne,I prefer the company of peasants because they have not been educated sufficiently to reason incorrectly.
러셀 그린, 고전적 교육의 장점은 그 교육이 당신으로 하여금 이루지 못하게 하는 부를 경멸할 수 있게 해준다는 것이다. ,Russell Green,The advantage of a classical education is that it enables you to despise the wealth that it prevents you from achieving.
소피아 로렌, 어려운 직업에서 성공하려면 자신을 굳게 믿어야 한다. 이것이 탁월한 재능을 지닌 사람보다 재능은 평범하지만 강한 투지를 가진 사람이 훨씬 더 성공하는 이유다. ,Sophia Loren,"Getting ahead in a difficult profession requires avid faith in yourself. That is why some people with mediocre talent, but with great inner drive, go much further than people with vastly superior talent."
헬렌 켈러, 나는 폭풍이 두렵지 않다. 나의 배로 항해하는 법을 배우고 있으니까. ,Helen Keller,I am not afraid of storms for I am learning how to sail my ship.
허버트 스펜서, 교육의 위대한 목표는 앎이 아니라 행동이다. ,Herbert Spencer,The great aim of education is not knowledge but action.
G. M. 트리벨리언, 교육은 읽을 줄 알지만 무엇이 읽을 가치가 있는지는 모르는 수많은 사람을 배출해냈다. ,G. M. Trevelyan,Education... has produced a vast population able to read but unable to distinguish what is worth reading.
버트런드 러셀," 대부분의 아이들에게 교사의 지혜를 수동적으로 수용하는 것은 쉬운 일이다. 여기에는 독자적으로 사고하려는 노력도 없고, 교사가 학생보다 많이 알기 때문에 합당해 보이기도 한다. 더욱이 극히 예외적인 교사를 제외하면 교사에게 잘 보이는 방법이기도 하다. 그러나 수동적으로 수용하는 습관은 이후의 삶에서는 재앙과도 같다. 지도자를 찾고 받아들이게 하며, 그 지위에 오른 자면 누가 되었든 지도자로 인정하게 만든다. ",Bertrand Russell,"Passive acceptance of the teacher's wisdom is easy to most boys and girls. It involves no effort of independent thought, and seems rational because the teacher knows more than his pupils; it is moreover the way to win the favour of the teacher unless he is a very exceptional man. Yet the habit of passive acceptance is a disastrous one in later life. It causes man to seek and to accept a leader, and to accept as a leader whoever is established in that position."
장 폴 리히터," 행동만이 삶에 힘을 주고, 절제만이 삶에 매력을 준다. ",Jean Paul Richter,Only actions give life strength; only moderation gives it a charm.
알버트 아인슈타인," 젊은이들에게 정형화된 성공을 인생의 중요한 목표라고 설교하는 일이 없도록 조심해야 한다. 학교와 인생에서 가장 큰 동기부여는 일과 학업의 즐거움, 그 성과에서 얻는 즐거움, 그리고 그 결과가 지역사회에 기여하는 가치를 인식하는 것이다. ",Albert Einstein,"One should guard against preaching to young people success in the customary form as the main aim in life. The most important motive for work in school and in life is pleasure in work, pleasure in its result, and the knowledge of the value of the result to the community."
로렌스 J. 피터, 교육은 더 높은 수준의 편견을 얻는 방법이다. ,Laurence J. Peter,Education is a method whereby one acquires a higher grade of prejudices.
윈스턴 처칠," 인생에서 가장 위대한 교훈은, 심지어는 바보도 어떨 때는 옳다는 걸 아는 것이다. ",Sir Winston Churchill,The greatest lesson in life is to know that even fools are right sometimes.
프레드리히 니체, 옛사람들이 '신을 위해서' 행했던 것을 요즘 사람들은 돈을 위해서 행한다. ,Friedrich Nietzsche,What we once did 'for the sake of God' we now do for the sake of money.
윌 듀란트, 교육은 우리 자신의 무지를 점차 발견해 가는 과정이다. ,Will Durant,Education is a progressive discovery of our own ignorance.
제임스 딘, 이 영화가 새롭게 보여주는 한 가지는 부모에 대한 아이들 요구 사항들의 심리적 불균형이다. 대부분 부모에게 잘못이 있지만 아이들도 일부 해야 할 일이 있다. ,James Dean,"I think the one thing this picture shows that's new is the psychological disproportion of the kids' demands on the parents. Parents are often at fault, but the kids have some work to do, too."
조르지오 일리스, 학생이 되기를 멈춘 자는 한 번도 학생인 적이 없었던 자이다. ,George Iles,Whoever ceases to be a student has never been a student.
어빙 베를린, 성공에 있어 가장 어려운 면은 성공한 상태를 계속 유지해야 한다는 것이다. 이 분야에서 재능은 출발점일 뿐이다. 당신은 그 재능을 계속 연마해야 한다. 언젠가 재능을 구하려 하면 그것은 거기에 없을 것이다. ,Irving Berlin,The toughest thing about success is that you've got to keep on being a success. Talent is only a starting point in this business. You've got to keep on working that talent. Someday I'll reach for it and it won't be there.
오프라 윈프리, 당신은 움츠리기보다 활짝 피어나도록 만들어진 존재입니다. ,Oprah Winfrey,You are built not to shrink down to less but to blossom into more.
커트 르윈," 성공한 사람은 대개 지난번 성취한 것 보다 다소 높게, 그러나 과하지 않게 다음 목표를 세운다. 이렇게 꾸준히 자신의 포부를 키워간다. ",Kurt Lewin,A successful individual typically sets his next goal somewhat but not too much above his last achievement. In this way he steadily raises his level of aspiration.
벤자민 프랭클린, 기운과 끈기는 모든 것을 이겨낸다. ,Benjamin Franklin,Energy and persistence conquer all things.
G. K. 체스터튼, 내가 성공한 것은 최고의 조언에 진심으로 귀 기울인 후 그에 얽매이지 않고 정 반대를 행한 덕이다. ,G. K. Chesterton,"I owe my success to having listened respectfully to the very best advice, and then going away and doing the exact opposite."
에드워드 기번," 우리는 자신을 이김으로써 스스로를 향상시킨다. (자신과의) 싸움은 반드시 존재하고, 거기에서 이겨야 한다. ",Edward Gibbon,"We improve ourselves by victories over ourself. There must be contests, and you must win."
윈스턴 처칠, 최선을 다하고 있다라고 말해봤자 소용없다. 필요한 일을 함에 있어서는 반드시 성공해야 한다. ,Sir Winston Churchill,"It is no use saying, ""We are doing our best."" You have got to succeed in doing what is necessary."
데이비드 록펠러," 사업의 성공은 훈련과 절도, 고된 노력을 요한다. 그러나 이런 것들에 지레 겁먹지만 않으면 성공의 기회는 오늘도 그 어느 때 못지 않다. ",David Rockefeller,"Success in business requires training and discipline and hard work. But if you're not frightened by these things, the opportunities are just as great today as they ever were."
에릭 A. 번스, 인류는 세상을 다른 시각으로 보는 사람들에게 냉담할 수 있다. ,Eric A. Burns,Humanity can be quite cold to those whose eyes see the world differently.
프랭크 토마스," 모든것을 관찰하세요. 소통을 잘 하세요. 그림을 그리고, 그리고 , 또 그리세요. ",Frank Thomas,"Observe Everything. Communicate Well. Draw, Draw, Draw."
체 게바라, 무언가를 위해 목숨을 버릴 각오가 되어 있지 않는 한 그것이 삶의 목표라는 어떤 확신도 가질 수 없다. ,"Ernesto ""Che"" Guevara",We cannot be sure of having something to live for unless we are willing to die for it
아리스토텔레스, 이상적인 인간은 삶의 불행을 위엄과 품위를 잃지 않고 견뎌내 긍정적인 태도로 그 상황을 최대한 이용한다. ,Aristotle,"The ideal man bears the accidents of life with dignity and grace, making the best of circumstances."
에밀리 디킨스, 성공이 그렇게 달콤한 것은 결코 성공하지 못한 사람들이 있기 때문이다. ,Emily Dickinson,Success is counted sweetest by those who ne'er succeed.
에이브러햄 링컨, 늘 명심하라. 성공하겠다는 너 자신의 결심이 다른 어떤 것보다 중요하다는 것을. ,Abraham Lincoln,Always bear in mind that your own resolution to succeed is more important than any one thing.
레프 톨스토이," 모든 전사 중 가장 강한 전사는 이 두 가지, 시간과 인내다. ",Leo Tolstoy,The strongest of all warriors are these two -- Time and Patience.
캐슬린 노리스," 무엇을 시작하기 전에, 예측할 수 없는 어려움과 지연이 기다리고 있다는 점을 기억하라. 이를 분명히 볼 수 있다면, 당연히 이를 제거할 수 있겠지만, 그럴 수 없다. 당신은 단 한 가지만을 분명히 볼 수 있고, 그것은 당신의 목표다. 머리 속에 목표에 대한 비전을 구상하고 어떤 고난이 있어도 그것을 고수하라. ",Kathleen Norris,"Before you begin a thing, remind yourself that difficulties and delays quite impossible to foresee are ahead. If you could see them clearly, naturally you could do a great deal to get rid of them but you can't. You can only see one thing clearly and that is your goal. Form a mental vision of that and cling to it through thick and thin."
프랭클린 D. 루스벨트, 인간은 운명의 포로가 아니라 단지 자기 마음의 포로일 뿐이다. ,Franklin D. Roosevelt,"Men are not prisoners of fate, but only prisoners of their own minds."
루이 파스퇴르, 관찰하는데 있어서는 준비된 자에게만 기회가 온다. ,Louis Pasteur,"In the field of observation, chance favors only the prepared mind."
아서 골든, 의심으로 가득 찬 마음은 승리로의 여정에 집중할 수 없다. ,Arthur Golden,A mind troubled by doubt cannot focus on the course to victory.
진 니데치, 우연이 아닌 선택이 운명을 결정한다. ,Jean Nidetch,It's choice - not chance - that determines your destiny.
이솝," 뭉치면 서고, 갈라지면 넘어진다. ",Aesop,"United we stand, divided we fall."
오프라 윈프리, 여러분을 더욱 높이 올려줄 사람만을 가까이 하세요. ,Oprah Winfrey,Surround yourself with only people who are going to lift you higher.
제이 레노, 전화번호부를 뒤져 전화를 걸고 차로 공항에 데려다 달라고 부탁하라. 데려다 주는 사람이 당신의 진정한 친구다. 나머지는 나쁜 사람은 아니다. 그저 지인일뿐이다. ,Jay Leno,"Go through your phone book, call people and ask them to drive you to the airport. The ones who will drive you are your true friends. The rest aren't bad people; they're just acquaintances."
벤자민 프랭클린," 친구를 고르는 데는 천천히, 친구를 바꾸는 데는 더 천천히. ",Benjamin Franklin,"Be slow in choosing a friend, slower in changing."
마이클 조던, 재능은 게임에서 이기게 한다. 그러나 팀워크는 우승을 가져온다. ,Michael Jordan,"Talent wins games, but teamwork wins championships."
토마스 존스," 친구는 있다가도 없고, 없다가도 있을 수 있지만, 적은 계속 는다. ",Thomas Jones,"Friends may come and go, but enemies accumulate."
엘버트 허버드," 설명하지마라--친구라면 설명할 필요가 없고, 적이라면 어차피 당신을 믿으려 하지 않을테니까. ",Elbert Hubbard,Never explain--your friends do not need it and your enemies will not believe you anyway.
사무엘 존슨," 만약 사람이 살면서 새 친구를 사귀지 않는다면, 곧 홀로 남게 될 것이다. 사람은 우정을 계속 보수해야 한다. ",Samuel Johnson,"If a man does not make new acquaintances as he advances through life, he will soon find himself alone. A man should keep his friendships in constant repair."
라와나 블랙웰, 단지 얘기 들어줄 사람이 필요해 우정을 키우는 것은 좋지 않다. ,Lawana Blackwell,It isn't kind to cultivate a friendship just so one will have an audience.
윌리엄 셰익스피어, 친구라면 친구의 결점을 참고 견뎌야 한다. ,William Shakespeare,A friend should bear his friend's infirmities.
아리스토텔레스, 불행은 누가 진정한 친구가 아닌지를 보여준다. ,Aristotle,Misfortune shows those who are not really friends.
커트 코베인, 나는 오늘 친구들을 찾아서 너무 행복하다. 그들은 내 머리속에 있다. ,Kurt Cobain,I'm so happy because today I found my friends - they're in my head.
레베카 웨스트," 사람이 친구를 사귀는 데는 분명한 과정이 하나 있는데, 매번 몇 시간에 걸쳐 이야기를 하고 이야기를 들어주는 것이다. ",Rebecca West,"There was a definite process by which one made people into friends, and it involved talking to them and listening to them for hours at a time."
성 제롬, 우정을 끝낼 수 있다면 그 우정은 실제로 존재하지 않은 것이다. ,Saint Jerome,The friendship that can cease has never been real.
데임 에드나 에브리지," 어머니는 낯선 사람이란 없으며, 아직 만나지 않은 친구가 있을 뿐이라고 말씀 하셨다. 어머니는 지금 호주에서 최고 보안시설의 치매노인요양소에 계시다. ",Dame Edna Everage,"My mother used to say that there are no strangers, only friends you haven't met yet. She's now in a maximum security twilight home in Australia."
존 철튼 콜린스," 풍요 속에서는 친구들이 나를 알게 되고, 역경 속에서는 내가 친구를 알게 된다. ",John Churton Collins,In prosperity our friends know us; in adversity we know our friends.
마를렌 디트리히, 새벽 4시에 전화를 걸 수 있는 친구라면 중요한 친구이다. ,Marlene Dietrich,It's the friends you can call up at four a.m. that matter.
살루스트, 같은 것을 좋아하고 싫어하는 것이 바로 진정한 우정이다. ,Sallust,"To like and dislike the same things, that is indeed true friendship."
올리버 웬델 홈스," 친구라고 해서 불쾌한 말을 해도 된다고 생각하지 말라. 누군가와 가까운 관계가 될수록, 현명하고 예의 바르게 행동하는 것이 중요하다. 가끔 부득이한 경우를 제외하고, 친구로 하여금 불쾌한 말은 적에게서 듣게 놔두라. 적들은 이미 그런 말을 거리낌 없이 할 준비가 되어있다. ",Oliver Wendell Holmes,"Don't flatter yourself that friendship authorizes you to say disagreeable things to your intimates. The nearer you come into relation with a person, the more necessary do tact and courtesy become. Except in cases of necessity, which are rare, leave your friend to learn unpleasant things from his enemies; they are ready enough to tell them."
공자, 벗이 먼 곳에서 찾아오면 또한 즐겁지 아니한가 (有朋自遠方來 不亦樂乎 / 유붕자원방래 불역락호) ,Confucius,Isn't it great when friends visit from afar?
오스틴 펠프스, 낡은 외투를 그냥 입고 새 책을 사라. ,Austin Phelps,Wear the old coat and buy the new book.
토마스 풀러, 닫혀있기만 한 책은 블록일 뿐이다. ,Thomas Fuller,A book that is shut is but a block.
에반 에사르, 신간은 대개 1년이면 잊혀지는데 특히 책을 빌리는 사람들에게서 잊혀진다. ,Evan Esar,"Most new books are forgotten within a year, especially by those who borrow them."
미셸 드 몽테뉴, 내가 우울한 생각의 공격을 받을 때 내 책에 달려가는 일처럼 도움이 되는 것은 없다. 책은 나를 빨아들이고 마음의 먹구름을 지워준다. ,Michel de Montaigne,"When I am attacked by gloomy thoughts, nothing helps me so much as running to my books. They quickly absorb me and banish the clouds from my mind."
랠프 노박, 이 책을 읽는 것은 첫 신을 신고 발 떼기를 기다리는 것과 같다. ,Ralph Novak,Reading this book is like waiting for the first shoe to drop.
마크 트웨인, 제인 오스틴의 책에서 누락된 내용만으로도 책 한 권 없던 도서관을 꽤 좋은 도서관으로 만들 수 있을 것이다. ,Mark Twain,Just the omission of Jane Austen's books alone would make a fairly good library out of a library that hadn't a book in it.
윌리엄 서머셋 모옴," 내가 책을 읽을 때 눈으로만 읽는 것 같지만 가끔씩 나에게 의미가 있는 대목, 어쩌면 한 구절만이라도 우연히 발견하면 책은 나의 일부가 된다. ",William Somerset Maugham,"When I read a book I seem to read it with my eyes only, but now and then I come across a passage, perhaps only a phrase, which has a meaning for me, and it becomes part of me."
이디스 시트웰," 나의 개인적인 취미는 독서, 음악감상, 침묵이다. ",Edith Sitwell,"My personal hobbies are reading, listening to music, and silence."
살만 루시디, 한 권의 책은 세계에 대한 하나의 버전이다. 그 버전이 마음에 들지 않으면 무시하든지 답례로 자신만의 버전을 제공하라. ,Salman Rushdie,"A book is a version of the world. If you do not like it, ignore it; or offer your own version in return."
시드니 스미스, 독서할 때 당신은 항상 가장 좋은 친구와 함께 있다. ,Sydney Smith,Live always in the best company when you read.
랄프 왈도 에머슨, 가장 발전한 문명사회에서도 책은 최고의 기쁨을 준다. 독서의 기쁨을 아는 자는 재난에 맞설 방편을 얻은 것이다. ,Ralph Waldo Emerson,"In the highest civilization, the book is still the highest delight. He who has once known its satisfactions is provided with a resource against calamity."
로건 피어설 스미스, 사람들은 인생이 모든 것이라고 말하지만 나는 독서가 좋다. ,Logan Pearsall Smith,"People say that life is the thing, but I prefer reading."
로버트슨 데이비스, 훌륭한 건축물을 아침 햇살에 비춰보고 정오에 보고 달빛에도 비춰보아야 하듯이 진정으로 훌륭한 책은 유년기에 읽고 청년기에 다시 읽고 노년기에 또 다시 읽어야 한다. ,Robertson Davies,"A truly great book should be read in youth, again in maturity and once more in old age, as a fine building should be seen by morning light, at noon and by moonlight."
헨리 데이비드 소로우, 한 권의 책을 읽음으로써 자신의 삶에서 새 시대를 본 사람이 너무나 많다. ,Henry David Thoreau,How many a man has dated a new era in his life from the reading of a book.
드니 디드로," 책의 수는 점점 늘어날 것이고, 사람은 책에서 무언가를 배우는 것이 우주 전체를 직접 연구하는 데서 배우는 것과 비슷한 정도로 어려워질 때가 올 것을 예견할 수 있다. 자연에 숨어있는 진실의 일부를 탐구하는 것이 방대한 수의 책에 숨겨진 진실을 탐색하는 것과 비슷하게 편해질 것이다. ",Denis Diderot,"The number of books will grow continually, and one can predict that a time will come when it will be almost as difficult to learn anything from books as from the direct study of the whole universe. It will be almost as convenient to search for some bit of truth concealed in nature as it will be to find it hidden away in an immense multitude of bound volumes."
윌리엄 셰익스피어, 내가 책을 좋아한다는 것을 알고 그는 내가 내 공작의 작위보다 더 소중히 여길 책들로 내 서재를 채워 주었다. ,William Shakespeare,"Knowing I lov'd my books, he furnish'd me From mine own library with volumes that I prize above my dukedom."
로즈 매콜리, 그것은 죽었으면 하고 바라는 사람들이 시간을 죽이기 위해 읽는 책이었다. ,Dame Rose Macaulay,It was a book to kill time for those who like it better dead.
벤자민 프랭클린, 많이 읽어라. 그러나 많은 책을 읽지는 마라. ,Benjamin Franklin,"Read much, but not many books."
르네 데카르트, 좋은 책을 읽는 것은 과거 몇 세기의 가장 훌륭한 사람들과 이야기를 나누는 것과 같다. ,Rene Descartes,The reading of all good books is like a conversation with the finest men of past centuries.
마리 드 세비녜, 이 도서관에 들어오면 내가 왜 여기서 나가는지 이해할 수가 없다. ,Marie de Sevigne,"When I step into this library, I cannot understand why I ever step out of it."
장 폴 리히터, 인간의 감정은 누군가를 만날 때와 헤어질 때 가장 순수하며 가장 빛난다. ,Jean Paul Richter,Man's feelings are always purest and most glowing in the hour of meeting and of farewell.
리처드 바크, 작별 인사에 낙담하지 말라. 재회에 앞서 작별은 필요하다. 그리고 친구라면 잠시 혹은 오랜 뒤라도 꼭 재회하게 될 터이니. ,Richard Bach,"Don't be dismayed at goodbyes, a farewell is necessary before you can meet again and meeting again, after moments or lifetimes, is certain for those who are friends."
헨리 데이비드 소로우, 멀리있는 친구만큼 세상을 넓어 보이게 하는 것은 없다. 그들은 위도와 경도가 된다. ,Henry David Thoreau,Nothing makes the earth seem so spacious as to have friends at a distance; they make the latitudes and longitudes.
조지 앨리엇, 이별의 아픔 속에서만 사랑의 깊이를 알게 된다. ,George Eliot,Only in the agony of parting do we look into the depths of love.
윌리엄 셰익스피어," 이 사랑의 꽃봉오리는 여름날 바람에 마냥 부풀었다가, 다음 만날 때엔 예쁘게 꽃필 거예요. ",William Shakespeare,"This bud of love, by summer's ripening breath, May prove a beauteous flower when next we meet."
리처드 바크," 수마일의 거리가 당신과 친구를 떼어놓을 수도 있다… 하지만 사랑하는 누군가와 정말 함께 있고 싶다면, 이미 거기 가있지 않겠는가? ",Richard Bach,"Can miles truly separate you from friends.... If you want to be with someone you love, aren't you already there?"
소크라테스," 떠날 때가 되었으니, 이제 각자의 길을 가자. 나는 죽기 위해서, 당신들은 살기 위해. 어느 편이 더 좋은 지는 오직 신만이 알 뿐이다. ",Socrates,"The hour of departure has arrived, and we go our ways - I to die, and you to live. Which is better God only knows."
마더 테레사, 당신을 만나는 모든 사람이 당신과 헤어질 때는 더 나아지고 더 행복해질 수 있도록 하라. ,Mother Teresa,Let no one ever come to you without leaving better and happier.
엘리자베스 1세, 한 순간을 위해 내가 가진 모든 것을. (한 순간만 더 살수 있다면 내가 가진 모든 것을 내놓을텐데) ,Elizabeth I,All my possessions for a moment of time.
워런 버핏, 대부분의 사람들은 남들이 주식에 관심을 보이고 있을 때 흥미를 갖곤 한다. 하지만 주식에 관심을 가져야 할 때는 아무도 거들떠 보지 않을 때다. 평소엔 인기도 있으면서 잘 나가는 주식은 살 수 없기 때문이다. ,Warren Buffett,Most people get interested in stocks when everyone else is. The time to get interested is when no one else is. You can't buy what is popular and do well.
로버트슨 데이비스, 세상은 그들이 생각하는 만족스러운 미래가 사실은 이상화된 과거로의 회귀인 사람들로 가득하다. ,Robertson Davies,"The world is full of people whose notion of a satisfactory future is, in fact, a return to the idealised past."
윈스턴 처칠, 미래의 제국은 마음의 제국이다. ,Sir Winston Churchill,The empires of the future are the empires of the mind.
나폴레옹 보나파르트, 나는 영토는 잃을지 몰라도 결코 시간은 잃지 않을 것이다. ,Napoleon Bonaparte,I may lose land...but I never lose a minute.
댄 퀸스베리, 미래는 현재와 무척 닮았다. 단지 더 길뿐이다. ,Dan Quisenberry,"The future is much like the present, only longer."
테오프라스토스, 시간은 인간이 쓸 수 있는 가장 값진 것이다. ,Theophrastus,Time is the most valuable thing a man can spend.
요기 베라, 미래는 예전의 미래가 아니다. ,Yogi Berra,The future ain't what it used to be.
윌리엄 셰익스피어," 우리는 오늘은 이러고 있지만, 내일은 어떻게 될지 누가 알아요? ",William Shakespeare,"We know what we are, but not what we may be."
존 슬라덱, 일부 과학자들에 따르면 미래는 과거와 똑같을 것이다. 단지 훨씬 값비쌀 뿐이다. ,John Sladek,"The future, according to some scientists, will be exactly like the past, only far more expensive."
파울 클레, 우리를 조금 크게 만드는데 걸리는 시간은 단 하루면 충분하다. ,Paul Klee,A single day is enough to make us a little larger.
마크 트웨인," 시간은 차갑게 식혀주고, 명확하게 보여준다. 변하지 않은 채 몇 시간이고 지속되는 마음의 상태는 없다. ",Mark Twain,"Time cools, time clarifies; no mood can be maintained quite unaltered through the course of hours."
토마스 할리버튼, 시간 엄수는 비즈니스의 영혼이다. ,Thomas Halyburton,Punctuality is the soul of business.
윌리엄 깁슨, 미래는 여기 있다. 아직 널리 퍼지지 않았을 뿐이다. ,William Gibson,The future is here. It's just not widely distributed yet.
메이슨 쿨리, 낭비한 시간에 대한 후회는 더 큰 시간 낭비이다. ,Mason Cooley,Regret for wasted time is more wasted time.
알버트 아인슈타인, 나는 미래에 대해 생각하는 법이 없다. 어차피 곧 닥치니까. ,Albert Einstein,I never think of the future - it comes soon enough.
윌리엄 서머셋 모옴, 나는 과거를 생각하지 않습니다. 중요한것은 끝없는 현재 뿐이지요. ,William Somerset Maugham,I don't think of the past. The only thing that matters is the everlasting present.
마하트마 간디, 미래는 현재 우리가 무엇을 하는가에 달려 있다. ,Mahatma Gandhi,The future depends on what we do in the present.
존 F. 케네디," 시간을 도구로 사용할 뿐, 시간에 의존해서는 안된다. (시간이 모든 것을 해결해 줄 것이라 기대하지 말고, 시간을 주도하라.) ",John F. Kennedy,"We must use time as a tool, not as a crutch."
말콤 포브스," 복역 중이 아니라면, 충분한 시간이란 결코 없다. ",Malcolm Forbes,"There is never enough time, unless you're serving it."
에이브러햄 링컨," 누구에게도 악의를 품지 말고, 모든 이를 사랑하는 마음으로, ...지금 우리에게 맡겨진 일을 완수하고,... 모든 국가와 함께 정의롭고 영원한 평화를 이루기 위해 우리 모두 최선을 다 합시다. ",Abraham Lincoln,"With malice toward none, with charity for all, ...let us strive on to finish the work we are in, ...to do all which may achieve and cherish a just and lasting peace among ourselves and with all nations."
작자 미상," 무얼하든 주의 깊게 하라, 그리고 목표를 바라보라. ",Unknown,"Whatever you do, do cautiously, and look to the end."
토마스 풀러," 바쁜 자는 단지 마귀 하나로부터 유혹받지만, 한가로운 자는 수많은 마귀들로부터 유혹당한다. ",Thomas Fuller,"He that is busy is tempted by but one devil; he that is idle, by a legion."
클린트 이스트우드," 당신의 노력을 존중하라. 당신 자신을 존중하라. 자존감은 자제력을 낳는다. 이 둘을 모두 겸비하면, 진정한 힘을 갖게 된다. ",Clint Eastwood,"Respect your efforts, respect yourself. Self-respect leads to self-discipline. When you have both firmly under your belt, that's real power."
작자 미상, 성경은 게으름뱅이에게 빵을 약속하지 않는다. ,Unknown,The Bible promises no loaves to the loafer.
플로이드 델, 무위란 아무 것도 안 하는 상태가 아니다. 무위란 무슨 일이든 할 수 있도록 자유로운 상태다. ,Floyd Dell,Idleness is not doing nothing. Idleness is being free to do anything.
조지프 애디슨," 운동은 체액을 발효시켜 적절한 통로로 보내고 그 여분을 없애며 이 신비로운 분배 과정을 통해 자연을 돕는데, 이 과정이 없다면 신체는 활력을 유지할 수 없고, 영혼은 유쾌함을 잃는다. ",Joseph Addison,"Exercise ferments the humors, casts them into their proper channels, throws off redundancies, and helps nature in those secret distributions, without which the body cannot subsist in its vigor, nor the soul act with cheerfulness."
히포크라테스, 허송세월하며 할 일이 없는 사람은 악(惡)으로 끌려가는 것이 아니라 저절로 기울어 진다. ,Hippocrates,Idleness and lack of occupation tend - nay are dragged - towards evil.
에이브러햄 링컨," 만일 내게 나무를 베기 위해 한 시간만 주어진다면, 우선 나는 도끼를 가는데 45분을 쓸 것이다. ",Abraham Lincoln,"If I only had an hour to chop down a tree, I would spend the first 45 minutes sharpening my axe."
아가사 크리스티, 나는 필요가 발명의 어머니라고 생각하지 않는다. 내 생각에 발명은 무위 또는 나태함의 직접적인 결과다. 귀찮은 일을 피하기 위해서 말이지. ,Agatha Christie,"I don't think necessity is the mother of invention - invention, in my opinion, arises directly from idleness, possibly also from laziness. To save oneself trouble."
생텍쥐페리, 사람의 생명을 구하는 것은 오직 한 걸음을 내딛는 것이다. 그리고 또 한 걸음. 항상 같은 걸음일지라도 내딛어야 한다. ,Antoine de Saint-Exupery,"What saves a man is to take a step. Then another step. It is always the same step, but you have to take it."
알버트 아인슈타인, 나약한 태도는 성격도 나약하게 만든다. ,Albert Einstein,Weakness of attitude becomes weakness of character.
알버트 아인슈타인, 나는 똑똑한 것이 아니라 단지 문제를 더 오래 연구할 뿐이다. ,Albert Einstein,"It's not that I'm so smart , it's just that I stay with problems longer."
헬렌 켈러," 나는 한 인간에 불과하지만, 오롯한 인간이다. 나는 모든 것을 할 수는 없지만, 무엇인가 할 수 있다. 그러므로 나는 내가 할 수 있는 것을 기꺼이 하겠다. ",Helen Keller,"I am only one, still I am one. I can not do everything, still I can do something. I will not refuse to do the something I can do"
제임스 리피," 운동만으로도 정신적, 육체적 혜택을 얻을 수 있다. 하지만 운동 시 정신을 집중하는 전략을 함께 채택한다면, 엄청난 정신적 혜택을 아주 빠르게 얻을 수 있다. ",James Rippe,"Exercise alone provides psychological and physical benefits. However, if you also adopt a strategy that engages your mind while you exercise, you can get a whole host of psychological benefits fairly quickly."
프레드리히 니체, 개선이란 무언가가 좋지 않다고 느낄 수 있는 사람들에 의해서만 만들어질 수 있다. ,Friedrich Nietzsche,Improvements are invented only by those who can feel that something is not good.
헬렌 켈러," 우리가 할 수 있는 최선을 다할 때, 우리 혹은 타인의 삶에 어떤 기적이 나타나는지 아무도 모른다. ",Helen Keller,"When we do the best that we can, we never know what miracle is wrought in our life, or in the life of another."
존 F. 케네디," 이 모든 과제는 취임 후 100일 안에 이뤄지지는 않을 것입니다. 1,000일 안에도 이뤄지지 않을 것이며, 현 정부의 임기 중에 끝나지도 않을 것이며, 어쩌면 우리가 지구상에 살아있는 동안 이루지 못할 수도 있습니다. 하지만 시작합시다. ",John F. Kennedy,"All this will not be finished in the first 100 days. Nor will it be finished in the first 1,000 days, nor in the life of this administration, nor even perhaps in our lifetime on this planet. But let us begin."
마더 테레사, 우리가 하는 일은 바다에 붓는 한 방울의 물보다 하찮은 것이다. 하지만 그 한 방울이 없다면 바다는 그만큼 줄어들 것이다. ,Mother Teresa,"What we do is less than a drop in the ocean. But if it were missing, the ocean would lack something."
생텍쥐페리, 해가 지는 것을 보게 해 주겠노라. 짐이 요구하겠노라. 그러나 내 통치 기술에 따라 조건이 갖추어지길 기다려야하느니라. ,Antoine de Saint-Exupery,"You shall have your sunset. I shall command it. But I shall wait, according to my science of government, until conditions are favorable."
폴 퍼셀, 긍정적 사고만큼 나를 우울하게 만드는 일은 없다. ,Paul Fussell,I find nothing more depressing than optimism.
E. E. 커밍스, 인생에서 가장 의미없이 보낸 날은 웃지 않고 보낸 날이다. ,E. E. Cummings,The most wasted of all days is one without laughter.
로버트 고다드, 불가능이 무엇인가는 말하기 어렵다. 어제의 꿈은 오늘의 희망이며 내일의 현실이기 때문이다. ,Robert H. Goddard,"It is difficult to say what is impossible, for the dream of yesterday is the hope of today and the reality of tomorrow."
조지 버나드 쇼, 사람들은 존재하는 것들을 보며 '왜지?'라고 말한다. 나는 존재한 적이 없는 것들을 꿈꾸며 '왜 안돼?'라고 말한다. ,George Bernard Shaw,"You see things; and you say, 'Why?' But I dream things that never were; and I say, ""Why not?"""
프리드리히 실러, 당신이 젊은 시절 꿈꾸었던 것에 충실하라. ,Friedrich von Schiller,Keep true to the dreams of thy youth.
헨리 브로멜," 꿈은 영혼의 창이라고 하니, 그 창으로 안을 들여다보면 영혼의 본질을 볼 수 있을 것이다. ",Henry Bromel,"They say dreams are the windows of the soul--take a peek and you can see the inner workings, the nuts and bolts."
윌리엄 셰익스피어," 호레이쇼, 천지간에는 자네의 철학으로 상상하는 것보다 많은 것들이 있다네. ",William Shakespeare,"There are more things in heaven and earth, Horatio, Than are dreamt of in your philosophy."
브렛 버틀러, 이루어질 꿈도 이루어지지 않을 꿈만큼 불확실할 수 있다. ,Brett Butler,Dreams that do come true can be as unsettling as those that don't.
안나 라페, 희망은 좋은 소식이 나쁜 소식보다 우세한지 계산하는 데서 오는 것이 아니다. 희망이란 그저 행동하겠다는 선택이다. ,Anna Lappe,Hope doesn't come from calculating whether the good news is winning out over the bad. It's simply a choice to take action.
신시아 오지크, 자신이 될 수 있는 존재가 되길 희망하는 것이 삶의 목적이다. ,Cynthia Ozick,To want to be what one can be is purpose in life.
마크 트웨인, 인류에게는 정말로 효과적인 무기가 하나있다. 바로 웃음이다. ,Mark Twain,"The human race has one really effective weapon, and that is laughter."
오든," 내가 좋아하거나 존경하는 사람들의 공통분모는 찾을 수 없지만, 내가 사랑하는 사람들의 공통된 특징은 찾을 수 있다. 그들은 나를 웃게 만든다. ",W. H. Auden,"Among those whom I like or admire, I can find no common denominator, but among those whom I love, I can: all of them make me laugh."
수잔 비소네트, 낙관주의자란 봄이 인간으로 태어난 것이다. ,Susan J. Bissonette,An optimist is the human personification of spring.
마가렛 딜란드, 인간은 살아있기 위해 무언가에 대한 열망을 간직해야 한다. ,Margaret Deland,One must desire something to be alive.
아리스토텔레스, 희망은 백일몽이다. ,Aristotle,Hope is a waking dream.
벤자민 프랭클린, 희망만을 먹고 사는 자는 굶어 죽을 것이다. ,Benjamin Franklin,He that lives upon hope will die fasting.
에우리피데스, 가장 현명한 사람은 자신만의 방향을 따른다. ,Euripides,The wisest men follow their own direction.
사무엘 존슨, 희망은 어떤 상황에서도 필요하다. ,Samuel Johnson,Hope is necessary in every condition.
랜디 K. 멀홀랜드, 당신이 원하는 것이 당신이 그럴 것이라고 꿈꾸었던 것과 같지 않음을 알게 되면 상처받게 된다. ,Randy K. Milholland,It hurts to find out that what you wanted doesn't match what you dreamed it would be.
빅터 보르게, 웃음은 두 사람간의 가장 가까운 거리다 ,Victor Borge,Laughter is the closest distance between two people.
조지 S. 패튼, 계산된 위험은 감수하라. 이는 단순히 무모한 것과는 완전히 다른 것이다. ,George S. Patton,Take calculated risks. That is quite different from being rash.
프레드리히 니체, 괴물과 싸우는 사람은 그 과정에서 자신마저 괴물이 되지 않도록 주의해야 한다. 그리고 그대가 오랫동안 심연을 들여다 볼 때 심연 역시 그대를 들여다 본다. ,Friedrich Nietzsche,"He who fights with monsters might take care lest he thereby become a monster. And if you gaze for long into an abyss, the abyss gazes also into you."
피에르 코르네유, 아무런 위험없이 승리하는 것은 영광없는 승리에 다름 아니다. ,Pierre Corneille,To win without risk is to triumph without glory.
빈센트 롬바르디," 일단 당신이 성공을 위해 자신과 가족이 치뤄야 할 대가를 인정하면 사소한 아픔, 경쟁자의 압력, 일시적 실패는 감내할 수 있다. ",Vincent Lombardi,"Once you agree upon the price you and your family must pay for success, it enables you to ignore the minor hurts, the opponent's pressure, and the temporary failures."
밀턴 벌리, 현재 어떤 존재가 될 수 없다면 나는 될 수 있을 법한 존재가 되련다. 될 수 있을 법한 존재란 별을 향해 뻗어나가는 '아마도'의 존재이기 때문이다. 나는 '-가 됐을 뻔 했던' 사람보다는 '-이었던' 사람이 되겠다. '됐을 뻔 했던' 사람은 한 번도 그 존재가 돼 보지 못했으나 '-이었던' 사람은 한 때 그 존재로 살아봤기 때문이다. ,Milton Berle,"I'd rather be a could - be if I cannot be an are; because a could - be is a maybe who is reaching for a star, I'd rather be a has - been than a might - have - been, by far; for a might have - been has never been, but a has was once an are."
스티븐 코비, 가장 큰 위험은 위험없는 삶이다. ,Stephen Covey,The greatest risk is the risk of riskless living.
무하마드 알리," 믿음이 부족하기 때문에 도전하길 두려워하는 바, 나는 스스로를 믿는다. ",Muhammad Ali,"It's lack of faith that makes people afraid of meeting challenges, and I believe in myself."
오프라 윈프리, 조금도 위험을 감수하지 않는 것이 인생에서 가장 위험한 일일 것이라 믿는다. ,Oprah Winfrey,I believe that one of life's greatest risks is never daring to risk.
프레드리히 니체," 하지만 그러므로 충고하건데 친구들이여, 남을 벌하려는 충동이 강한 자들 모두를 경계하라! ",Friedrich Nietzsche,"But thus do I counsel you, my friends: distrust all in whom the impulse to punish is powerful!"
스탠리 쿠니츠," 삶의 원동력은 무엇일까? 첫째도 욕망, 둘째도 욕망, 셋째도 욕망이다. ",Stanley Kunitz,"What makes the engine go? Desire, desire, desire."
커트 코베인, 열정없이 사느니 차라리 죽는게 낫다. ,Kurt Cobain,Rather be dead than cool.
게오르크 빌헬름, 이 세상에 열정없이 이루어진 위대한 것은 없다. ,Georg Wilhelm,Nothing great in the world has been accomplished without passion.
호아킨 세탄티, 자신은 위험을 무릅쓰고 하지 않을 행동을 충동질 하는 이를 조심하라. ,Joaquin Setanti,Be wary of the man who urges an action in which he himself incurs no risk.
벤자민 프랭클린," 열정으로 통치하긴 하지만, 결코 현명하게 통치하지는 못한다. ",Benjamin Franklin,"Passion governs, and she never governs wisely."
오프라 윈프리, 여러분이 할 수 있는 가장 큰 모험은 바로 여러분이 꿈꿔오던 삶을 사는 것입니다. ,Oprah Winfrey,The biggest adventure you can ever take is to live the life of your dreams.
도로시 세이어즈, 열정때문에 저지를 수 있는 유일하고도 가장 큰 잘못은 기뻐하지 않는 것이다. ,Dorothy L. Sayers,"The worst sin - perhaps the only sin - passion can commit, is to be joyless."
버락 오바마, 인생을 돈벌이에만 집중하는 것은 야망의 빈곤을 보여주는 것이다. 네 스스로에게 너무 적은 것을 요구하는 것이다. 야망을 가지고 더 큰 뜻을 이루고자 할 때에야 비로소 진정한 자신의 잠재력을 실현할 수 있기 때문이다. ,Barack Obama,Focusing your life solely on making a buck shows a certain poverty of ambition. It asks too little of yourself. Because it's only when you hitch your wagon to something larger than yourself that you realize your true potential.
T. S. 엘리엇, 너무 멀리 갈 위험을 감수하는 자만이 얼마나 멀리 갈 수 있는 지 알 수 있다. ,T. S. Eliot,Only those who will risk going too far can possibly find out how far one can go.
루이사 시게아, 꺼지지 않을 불길로 타올라라. ,Luisa Sigea,Blaze with the fire that is never extinguished.
우드로 윌슨, 나는 결국 실패할 대의를 추구하여 승리하기보다는 결국 승리할 대의를 따르다 실패하겠다. ,Woodrow Wilson,I would rather fail in a cause that will ultimately triumph than to triumph in a cause that will ultimately fail.
제임스 오웰," 사람을 존경하라, 그러면 그는 더 많은 일을 해 낼 것이다. ",James Howell,"Respect a man, he will do the more."
에이브러햄 링컨, 나는 자신이 사는 곳을 자랑스럽게 여기는 사람을 보길 원한다. 나는 그 지역 또한 그가 살고있다는 사실에 자랑스러워하는 모습을 보기 원한다. ,Abraham Lincoln,I like to see a man proud of the place in which he lives. I like to see a man live so that his place will be proud of him.
벤자민 프랭클린, 자신의 능력을 감추지 마라. 재능은 쓰라고 주어진 것이다. 그늘 속의 해시계가 무슨 소용이랴. ,Benjamin Franklin,Hide not your talents. They for use were made. What's a sundial in the shade.
세네카, 어떤 재능 혹은 다른 재능으로 뛰어난 사람이 될 수 있도록 노력하라. ,Seneca,Toil to make yourself remarkable by some talent or other.
세네카, 약간의 광기를 띠지 않은 위대한 천재란 없다. ,Seneca,There is no great genius without some touch of madness.
발타사르 그라시안, 자신을 내 보여라. 그러면 재능이 드러날 것이다. ,Baltasar Gracian,Put yourself on view. This brings your talents to light.
알버트 아인슈타인, 어떤 지적인 바보도 사물을 더 크고 보다 복잡하게 만들 수 있다. 그러나 그 반대 편으로 나아가기 위해서는 천재의 손길과 많은 용기가 필요하다. ,Albert Einstein,Any intelligent fool can make things bigger and more complex ... it takes a touch of genius -- and a lot of courage -- to move in the opposite direction.
나폴레옹 보나파르트, 기회 없는 능력은 쓸모가 없다. ,Napoleon Bonaparte,Ability is of little account without opportunity.
마이클 조던, 나는 중요한 슛을 놓친 결과에 절대 개의치 않는다. 그 결과에 대해 생각하면 언제나 부정적인 결과만 생각하게 된다. ,Michael Jordan,I never looked at the consequences of missing a big shot... when you think about the consequences you always think of a negative result.
에이브러햄 링컨, 그 투쟁에서 실패할 수도 있다는 개연성 때문에 정당하다고 믿는 대의를 지지하는 데서 물러 서서는 안된다. ,Abraham Lincoln,The probability that we may fail in the struggle ought not to deter us from the support of a cause we believe to be just.
에리카 종, 누구나 재능은 있다. 드문 것은 그 재능이 이끄는 암흑 속으로 따라 들어갈 용기다. ,Erica Jong,Everyone has talent. What is rare is the courage to follow the talent to the dark place where it leads.
사무엘 버틀러, 천재성이란 그것의 소유자들을 온갖 곤경에 처하게 만드는 최상의 능력이라고 묘사할 수 있을 것이다. ,Samuel Butler,Genius might be described as a supreme capacity for getting its possessors into trouble of all kinds.
찰스 칼렙 콜튼," 사람을 알기위해서는 어떻게 목표 달성에 실패하는가 보다는, 어떻게 목표 달성에 성공하는가를 살피라. 왜냐하면 실패할 때에는 자존심이 우리를 지탱해 주지만 성공할 때에는 자존심이 우리를 배반하기 때문이다. ",Charles Caleb Colton,"To know a man, observe how he wins his object, rather than how he loses it; for when we fail our pride supports us; when we succeed, it betrays us."
오스카 레반트, 천재와 광인사이에는 아주 가느다란 선이 있다. 나는 이 선을 지웠다. ,Oscar Levant,There's a fine line between genius and insanity. I have erased this line.
키케로, 우정에서 가장 소중한 장식을 없애는 것은 바로 우정에서 존경심을 제거하는 것이다. ,Cicero,"He removes the greatest ornament of friendship, who takes away from it respect."
벤자민 프랭클린," 자존심은 오전에는 풍요, 오후에는 가난, 밤에는 악명과 함께한다. ",Benjamin Franklin,"Pride breakfasted with plenty, dined with poverty, and supped with infamy."
뷔퐁, 천재는 거대한 인내일 뿐이다. ,Buffon,Genius is nothing but a great capacity for patience.
찰리 채플린," 나는 오로지 단 하나, 단 하나의 존재로 남아있으며, 그것은 바로 광대다. 광대라는 존재는 나를 그 어떤 정치인보다 더 높은 수준으로 올려놓는다. ",Charlie Chaplin,"I remain just one thing, and one thing only, and that is a clown. It places me on a far higher plane than any politician."
로잘린 카터, 자신의 능력을 믿어야 한다. 그리고 끝까지 굳세게 밀고 나가라. ,Rosalynn Carter,"You have to have confidence in your ability, and then be tough enough to follow through."
알버트 아인슈타인," 모든 인간은 개인으로서 존중받아야 하며, 그 누구도 우상으로 숭배해서는 안된다. ",Albert Einstein,Let every man be respected as an individual and no man idolized.
